ID,Sequence
Treponema_denticola/refseq/bacteria/GCF_024181465.1/GCF_024181465.1_ASM2418146v1_genomic|NZ_CP051522.1|461956:462090:1,MKNKGLYRKLSISELKNIFGGEMLDDQGRKIVRKNLDGVYSIKD
Treponema_denticola/refseq/bacteria/GCF_024181565.1/GCF_024181565.1_ASM2418156v1_genomic|NZ_CP051635.1|2267644:2267778:1,MKNKGLYRKLSISELKNIFGGEMLDDQGRKIVRKNLDGVYSIKD
Treponema_denticola/refseq/bacteria/GCF_000338455.1/GCF_000338455.1_Trep_dent_SP37_V1_genomic|NZ_KB442451.1|1289602:1289736:1,MKNKGLYIKLSISELKNIFGGEMLDDQGRKIVRKNLDGVYSIKD
Treponema_denticola/refseq/bacteria/GCF_000413075.1/GCF_000413075.1_Trep_dent_SP44_F0466_V1_genomic|NZ_KE332519.1|664798:664932:1,MKNKGLYIKLSISELKNIFGGEMLDDQGRKIVRKNLDGVYSIKD
Treponema_denticola/refseq/bacteria/GCF_000413115.1/GCF_000413115.1_Trep_dent_SP23_F0463_V1_genomic|NZ_KE332533.1|2155719:2155853:1,MKNKGLYIKLSISELKNIFGGEMLDDQGRKIVRKNLDGVYSIKD
Treponema_denticola/refseq/bacteria/GCF_000340705.1/GCF_000340705.1_Trep_dent_OTK_V1_genomic|NZ_CM001797.1|1741470:1741604:1,MKKKGLYRKLSMSELKNIFGGEMLDDQGRKIVRKNLDGVYSIKD
M_tr_Q83TS1_Q83TS1_ECOLX ColicinV (MicrocinV bacteriocin) OS=Escherichia coli OX=562 GN=mcmA PE=4 SV=1,MRKLSENEIKQISGGDGNDGQAELIAIGSLAGTFISPGFGSIAGAYIGDKVHSWATTATVSPSMSPSGIGLSSQFGSGRGTSSASSSAGSGS
V_sp_P22522_CEAV_ECOLX ColicinV OS=Escherichia coli OX=562 GN=cvaC PE=1 SV=1,MRTLTLNELDSVSGGASGRDIAMAIGTLSGQFVAGGIGAAAGGVAGGAIYDYASTHKPNPAMSPSGLGGTIKQKPEGIPSEAWNYAAGRLCNWSPNNLSDVCL
EN421 OS=Escherichia coli 22743,MRTLTLNELDSVSGGASGRDIAMAIGTLSGQFVAGGIGAAAGGVAGGAIYDYASTHKPNPAMSPSGLGGTIKQKPEGIPSEAWNYAAGRLCMDLPLYFQTPVIT
EN43 OS=Salmonella enterica subsp. houtenae serovar FDAARGOS 55,MRELNEHEIKCAAGGQDYGREIAQGAGAAAGTFVAGGGGAIVGPIVAGMVYDWASNKTPDSALSPSGLGSTLKKKPEGLPSEAWNYAEGRMCNWSPNNLNDVCK
EN77 OS=Salmonella enterica subsp. salamae 122127,MRELNEHEIKCAAGGQDYGREIAQGAGAAAGTFVAGGGGAIVGPIVAGMVYDWASNKTPDSALSPSGLGSTLKQKPEGLPSEAWNYTEGRMCNWSPNNLNDVCK
EN49 OS=Salmonella enterica subsp. enterica serovar Java 412099,MRNLTLNELKSISGAGDGDGVGRDIATALGGLAGGFVAGAVGAAAGGVAGGAVYDFASTHTVNPAMSPSGLGGYLGGYYGSSSSAVNSGS
L_tr_Q841V4_Q841V4_ECOLX Microcin L OS=Escherichia coli OX=562 GN=mclC PE=4 SV=1,MREITLNEMNNVSGAGDVNWVDVGKTVATNGAGVIGGAFGAGLCGPVCAGAFAVGSSAAVAALYDAAGNSNSAKQKPEGLPPEAWNYAEGRMCNWSPNNLSDVCL
EN76 OS=Escherichia coli FHI_NMBU_10,MREITLNEMNNVSGAGDVNWVDVGKTVATNGAGVVGGAFGAGLCGPVCAGVFAVGSSAAVGALYDAAGNSKPTKQKPEGLPPEAWNYAEGRMCNWSPNNLNDVCL
EN52 OS=Escherichia coli 857A,MRNITTDELALIHGAGLDKDASVAIGTAAGGFLGKATKIPSADIAGSAIGGYIGGVIADGSNRTITIPSNGINYNPSIGLGSFNPNYNGGLLNSGFNSSTSSSSSGS
H47_sp_P62530_MCHB_ECOLX Microcin H47 OS=Escherichia coli OX=562 GN=mchB PE=1 SV=1,MREITESQLRYISGAGGAPATSANAAGAAAIVGALAGIPGGPLGVVVGAVSAGLTTAIGSTVGSGSASSSAGGGS
EN134 OS=Raoultella ornithinolytica (Klebsiella ornithinolytica) TET32,MRELTQDQIENVAGAGGAPATVANATGVGIIIGSLGAIGAGIAAGTPVGPAGMIIGGILGGLGVAVGSATGSSGAGGGS
ER58 OS=Erwinia mallotivora BTMARDI,MENINTVLMEKVSGAGNYADKHEIGNSSGRGGAPDSCANRAGLGAIIGTLGALATGATGGLAGVVVAGVTGGLSSVIGCENPSYNDNNSGNSSRSGNYGAQCTW
ER31 OS=Pantoea allii PNA 20010,MLRELTDSEINIVSGGNANSGYEGPNCTNAAIKGGVTGATGGAVAGAIRGGVTGLAGGPAGVVAGAGTGAAEGAVYGGVSGAVGGYVGCQNSGSANNGGNNGNLGGDSNANSANGQCHW
EN126 OS=Salmonella enterica subsp. salamae 275803,MRPISDTELSMISGAGEFSYGELAGVVAGGAVAGAMGGAVIGGLGAGPGAIAGATTAGAAYVAGSLVQSFFGNNSSATSSSGAGS
BK12 OS=Burkholderia cepacia MSMB1906,MNYVDSGFACEAVGVCRELTEEELMIVAGGGNVGGAILGGLKGSVVGGIGGALGAAAVGAPVGAGGISGMVSGGIGGAVAGFSGGGGG
EN16 OS=Escherichia coli FHI_NMBU_10,MRPLTENELKNVSGALYESVNTNCVLASGAMIVSAFGGPIGLISTGLAAIGACATSSSSSSASASAGNGS
G492_tr_B4DCT5_B4DCT5_KLEPN MceL OS=Klebsiella pneumoniae OX=573 PE=4 SV=1,MRALTENDFFAVSGADRGDAAVAGAVAGGTAGAAAGGWAGAQMGATVGSLAGPVGTVVGFVAGAAAGRYGGAFIYDSFSSPSNSSSSGS
EN42 OS=Salmonella enterica (Salmonella choleraesuis) PNUSAS101199,MRALTDNEVFSVYGADRGDSAVTGAVAGGTAGGAAGGWAGAELGAELGSLAGPIGTFVGFLGGAAIGAFGGAYIYDSFSSPSNGS
PDI_tr_I6ZU90_I6ZU90_ECOLX McpM OS=Escherichia coli OX=562 GN=mcpM PE=4 SV=1,MANIRELTLDEITLVSGGNANSNFEGGPRNDRSSGARNSLGRNAPTHIYSDPSTVKCANAVFSGMIGGAIKGGPIGMARGTIGGAVVGQCLSDHGSGNGSGNRGSSSSCSGNNVGGTCNR
S_tr_H9ZMG7_H9ZMG7_ECOLX Microcin S OS=Escherichia coli OX=562 GN=mcsS PE=4 SV=1,MSNIRELSFDEIALVSGGNANSNYEGGGSRSRNTGARNSLGRNAPTHIYSDPSTVKCANAVFSGMVGGAIKGGPVGMTRGTIGGAVIGQCLSGGGNGNGGGNRAGSSNCSGSNVGGTCSR
EN143 OS=Klebsiella pneumoniae CPE7,MSKVRELTIAEMNLVSGGGHFGDIHDAQGVGTGNKNNGGARNSLGRNAPTHIYSDPNTVNCANSVFSGMVGGAIKGGVVGMARGTIGGGVLGQCLSGGGNGNGGGNKAGSSNCSGSNVGGTCSR
EN64 OS=Yokenella regensburgei W13,MSNIRELSFDEIASVSGGEGHGSEVAQDRRDARNSLGRNAPNKIYGGTEKCVNNILIGAGGGAVTGGLPGAAVGLVGGAYAGECLSGGGNGNGNGCNAGSNNCSSGNAASTCNR
EN153 OS=Citrobacter sp MGH109,MSIRELSLMEISCVSGGNANSNYESGRNAGSSSSRNNNKNSSSGNRSGFYGSLGQDVTNCNNGIIGGAIAGMMGGPAGMALGIMGGGLAGGCFSNGGNNSNGGGTGTNSNCNSGGMGGVCR
EN82 OS=Citrobacter amalonaticus FDAARGOS_122,MRELSISEINFVSGGNANSNYENGRNTSSSRGSNYNNQGRNNNSGFYGGLGQDVTNCNNGIIGGAIAGSLGGLAGVAVGITGGAFAGGCFSHGNGNGGGSGANSNCSSSGIGGTCK
EN138 OS=Escherichia sp. E2586,MRELSLEEIGYVSGGNANSNYDSGRNTCSETNNNSNQSAGRSSSGGYYSGLGQDVTNCNNGIIGGMIAGSMGGFGGMVAGLVGGAVAGGCFSTSSSGGRNNNGGGTGNNSNCNSGGFGGVCR
EN112 OS=Kosakonia quasisacchari WCHEs120001,MLSIRELNLEEIAMVSGGNANSNYEGGSSRGGSSNRSGSSHSSGKDIYSGVDSCGAGIFGGLVAGSLGGPAGMALGIVGGMIGGQCTKDSFSSKGGNGNKDKSNDFAGQCHW
EN124 OS=Enterobacter sp. RHBSTW00974,MSSIRELSFFEVAQVSGGGNAGDHDRSSSSNSGSKNSGSKNSNIYNGVDSCGAGIIGGLVAGSPGGPLGMAAGVIGGAIAGQCTKDSFSSKADCKGSNQKSSDFTGQCRW
ER18 OS=Mixta gaviniae DSM 22758,MRMLINNDIKLVTGAGANTATEYVGHMKNADKYAGGSGSGNKGGGFYTSQGVVDCNNGIIGGVIMGAYGLGWGMALGVVGGALAGGCFKTEGGNGAGGGSGSNGSNCNDGGCSW
FF371 OS=Vibrio sp. strain FF_371,MRELNNNEILIVDGGGERGGGDHSGEWSSWSGSYSNNSNSSNNSNYPASEQAVQQQANSPTQDCAQAVAGNAIGGAIAGSGGGLAGAGLGALGGGLAGALGGSCNQ
Vthal OS=Vibrio thalassae strain CECT8203,MYNLSADEISMVDGGGDGNSSGYPASPSAVAQQANSPSRACGQAIATGAVVNGMAGGYMGGLKGAVAGAV
Tannerella_forsythia/refseq/bacteria/GCF_900096715.1/GCF_900096715.1_TFUB22_genomic|NZ_FMML01000038.1|5979:6140:1,MIMKELSLEELVEINGGETGSRNGARIAGRLVGIALMGPLGGIYYCGKDMGWW
Tannerella_forsythia/refseq/bacteria/GCF_900096725.1/GCF_900096725.1_TFUB4_genomic|NZ_FMMN01000036.1|21771:21932:1,MIMKELSLEELVEINGGETGSRNGARIAGRLVGIALMGPLGGIYYCGKDMGWW
Tannerella_forsythia/refseq/bacteria/GCF_900096735.1/GCF_900096735.1_TFUB20_genomic|NZ_FMMM01000026.1|68248:68409:1,MIMKELSLEELVEINGGETGSRNGARIAGRLVGIALMGPLGGIYYCGKDMGWW
Tannerella_forsythia/refseq/bacteria/GCF_002529295.1/GCF_002529295.1_ASM252929v1_genomic|NZ_NSLK01000001.1|56710:56871:1,MIMKELSLEELVEINGGETGSRNGARIAGRLVGIALMGPLGGIYYCGKDMGWW
Tannerella_forsythia/refseq/bacteria/GCF_001547855.1/GCF_001547855.1_ASM154785v1_genomic|NZ_AP013045.1|1088597:1088758:1,MIMKELSLEELVEINGGETGSRNGARIAGRLVGIALMGPLGGIYYCGKDMGWW
Tannerella_forsythia/refseq/bacteria/GCF_000238215.1/GCF_000238215.1_ASM23821v1_genomic|NC_016610.1|1370789:1370950:1,MIMKELSLEELVEINGGETGSRNGARIAGRLVGIALMGPLGGIYYCGKDMGWW
Tannerella_forsythia/refseq/bacteria/GCF_001547875.1/GCF_001547875.1_ASM154787v1_genomic|NZ_AP013044.1|1308832:1308993:1,MIMKELSLEELVEINGGETGSRNGARIAGRLVGIALMGPLGGIYYCGKDMGWW
Tannerella_forsythia/refseq/bacteria/GCF_002529085.1/GCF_002529085.1_ASM252908v1_genomic|NZ_NSLJ01000003.1|83614:83775:1,MIMKELSLEELVEINGGETGSRNGARIAGRLVGIALMGPLGGIYYCGKDMGWW
Tannerella_forsythia/refseq/bacteria/GCF_001006485.1/GCF_001006485.1_ASM100648v1_genomic|NZ_JUET01000048.1|21044:21205:1,MIMKELSLEELVEINGGETGSRNGARIAGRLVGIALMGPLGGIYYCGKDMGWW
Tannerella_forsythia/refseq/bacteria/GCF_001938785.1/GCF_001938785.1_ASM193878v1_genomic|NZ_MEHX01000036.1|2108:2269:1,MIMKELSLEELVEINGGETGSRNGARIAGRLVGIALMGPLGGIYYCGKDMGWW
EN123 OS=Klebsiella indica TOUT106,MRELVHDEIKSIAGAECTFNGLGQAAVSVGVAGAIGGTIVGNATLPVIGTVPGWVAGGLMGTIGGTAGYGATCWWSDTSTN
E492_sp_Q9Z4N4_MCEA_KLEPN Microcin E492 OS=Klebsiella pneumoniae OX=573 GN=mceA PE=1 SV=2,MREISQKDLNLAFGAGETDPNTQLLNDLGNNMAWGAALGAPGGLGSAALGAAGGALQTVGQGLIDHGPVNVPIPVLIGPSWNGSGSGYNSATSSSGSGS
EN51 OS=Enterobacter sp. BIGb0383,MRELSQQDLVLAFGAGDANSQLISDMGNNAAWGAGLGAITGGGPGAAIGAVGGVVQTIGQGLIDHGPVSVPVPVMIGPSWNGSGGWSGAGFGSSSGGAGSAS
N_tr_C3VUZ5_C3VUZ5_ECOLX McnN OS=Escherichia coli OX=562 PE=4 SV=1,MRELDREELNCVGGAGDPLADPNSQIVRQIMSNAAWGAAFGARGGLGGMAVGAAGGVTQTVLQGAAAHMPVNVPIPKVPMGPSWNGSKG
EN101 OS=Salmonella enterica (Salmonella choleraesuis) 2015K0757,MRELDSKELNIVGGAGDPLTDPNSQIMRQIMAGAAWGATFGVRGGLPGMAVGMVGGVTQTVVQGAAAQMPVNVPIPKVPMGPTWNGSKG
EN44 OS=Salmonella enterica (Salmonella choleraesuis) NCTC10252,MRELDNKELDFVGGAGDPLADPNSQILRQVMANAAWGAAFGIRGGLPGMAVGMAGGVAQTVIQGAAAQMPVNVPIPQVPMGPTWNGSKG
EN511 OS=Leclercia adecarboxylata Z961,MRKLNSKEMKLMGGAGDPLTDQNSQLIRQIMIGAGWGMMWGVPMGFPGMAAGAITATTQTVLQGAMSRMPVNVLIPRVPMGPTWNGSK
ER14 OS=Pantoea agglomerans FDAARGOS 407,MRELNSEEIRNVAGAGTDNPYDNPILLMNQIAENAAWGAALGAYGGPEGVILGAGGGVVQTVVQGAAAQMPVNVPIPQVPLGPTWNGSGSN
EN359 OS=Raoultella terrigena (Klebsiella terrigena) NCTC13098,MRALTEVELSFIYGADGNDSYNPISLIVGSLSTIAKLPTPVSLAVGIGTEIAIQASPHMPVHVPVPKIPMGPTWNGSGGGRPSPSASLSTPDSSN
EN34 OS=Enterobacter cloacae EN3600,MRELNESELSNVSGAGMWGSIGSAIGGMFGGGSAGCNGSYSHTSTTNKDGSHSESTSFSGGCSVNVGGKSGGSSKGNGGSKSGGGRQGNDHGRH
RFB05 OS=Vibrio cholerae strain RFB05,MKTLTLDEMKIVSGGRHAEGAYNANGPDRTREQARHENYPGREWSSADLRNAGLALSAVGAVTPGVPGRVIGALGAGAALIGGWERNGGNH
Splendid OS=Vibrio splendidus 5S/ZS,MRSLNASEVNMVSGGREARGAYNSNGPDRTRAQAMRENNPGRDWSNSDLNNVSLALGLAGTLVPGIWGRGISALGAAGAAVSGWKRKDK
HUW04 OS=Vibrio cholerae 4772STDY6941189,MKELSIEQISLVTGGERGDGRDRHSLLHELKDIAQYLITRNPLGLITHSEPLNAGEEAWLKEREREGARHGYNERQGGYHRGDGGRHIEN
Capnocytophaga_sputigena/refseq/bacteria/GCF_002302495.1/GCF_002302495.1_ASM230249v1_genomic|NZ_CP022379.1|1197946:1198140:1,MKKLEIKQMEKIQGGDTLDGACAVFGFTAAGIAARATLLAIPLWGEAVFAAGTVACLGRRIKLW
Capnocytophaga_sputigena/refseq/bacteria/GCF_900638125.1/GCF_900638125.1_56080_B02_genomic|NZ_LR134489.1|1229661:1229855:1,MKKLEIKQMEKIQGGDTLDGACAVFGFTAAGIAARATLLAIPLWGEAVFAAGTVACLGRRIKLW
I47_tr_Q712Q0_Q712Q0_ECOLX MchS2 protein OS=Escherichia coli OX=562 GN=mchS2 PE=4 SV=1,MREISDNMLDSVKGGMNLNGLPASTNVIDLRGKDMGTYIDANGACWAPDTPSIIMYPGGSGPSYSMSSSTSSANSGS
Porphyromonas_gingivalis/refseq/bacteria/GCF_002206105.1/GCF_002206105.1_SJD11_genomic|NZ_KZ248410.1|32643:32870:1,MKKIKFEKLSQDEMKMISGGADPLQPELGGVCKPLATPSQCSGKCSPSGVYTPGHDVGACKIVNIAGMSLCGCVV
Porphyromonas_gingivalis/refseq/bacteria/GCF_000467815.1/GCF_000467815.1_ASM46781v1_genomic|NZ_KI259073.1|34:261:1,MKKIKFEKLSQDEMKMISGGADPLQPELGGVCKPLATPSQCSGKCSPSGVYTPGHDVGACKIVNIAGMSLCGCVV
Porphyromonas_gingivalis/refseq/bacteria/GCF_002204455.1/GCF_002204455.1_ASM220445v1_genomic|NZ_NHRU01000002.1|46003:46230:1,MKKIKFEKLSQDEMKMISGGADPLQPELGGVCKPLATPSQCSGKCSPSGVYTPGHDVGACKIVNIAGMSLCGCVV
Porphyromonas_gingivalis/refseq/bacteria/GCF_018141805.1/GCF_018141805.1_ASM1814180v1_genomic|NZ_CP073348.1|1349365:1349592:1,MKKIKFEKLSQDEMKMISGGADPLQPELGGVCKPLATPSQCSGKCSPSGVYTPGHDVGACKIVNIAGMSLCGCVV
Porphyromonas_gingivalis/refseq/bacteria/GCF_002754095.1/GCF_002754095.1_ASM275409v1_genomic|NZ_CP024595.1|1510887:1511114:1,MKKIKFEKLSQDEMKMISGGADPLQPELGGVCKPLATPSQCSGKCSPSGVYTPGHDVGACKIVNIAGMSLCGCVV
